Aricia_agestis	LR990275.1	fusion	M28,M31
Aricia_agestis	LR990256.1	fusion	M4,MZ
Aricia_agestis	LR990258.1	fusion	M25,M3,M5
Aricia_agestis	LR990257.1	fusion	M1,M19
Aricia_agestis	LR990265.1	fusion	M2,M9
Aricia_agestis	LR990261.1	fusion	M12,M29
Aricia_agestis	LR990264.1	fusion	M17,M20
Aricia_agestis	LR990259.1	fusion	M18,M30
Aricia_agestis	LR990260.1	fusion	M11,M23
Aricia_agestis	LR990262.1	fusion	M14,M26
Aricia_agestis	LR990267.1	split	M3
Aricia_agestis	LR990276.1	ancestral	M10
Aricia_agestis	LR990266.1	split	M9
Aricia_agestis	LR990274.1	ancestral	M13
Aricia_agestis	LR990271.1	ancestral	M22
Aricia_agestis	LR990263.1	ancestral	M8
Aricia_agestis	LR990270.1	ancestral	M16
Aricia_agestis	LR990269.1	ancestral	M6
Aricia_agestis	LR990273.1	ancestral	M15
Aricia_agestis	LR990268.1	ancestral	M7
Aricia_agestis	LR990272.1	ancestral	M21
Aricia_agestis	LR990277.1	ancestral	M24
Aricia_agestis	LR990278.1	ancestral	M27
Aricia_artaxerxes	query_chr	status	assigned_ref_chr
Aricia_artaxerxes	OW569307.1	fusion	M28,M31
Aricia_artaxerxes	OW569310.1	fusion	M4,MZ
Aricia_artaxerxes	OW569289.1	fusion	M25,M3,M5
Aricia_artaxerxes	OW569288.1	fusion	M1,M19
Aricia_artaxerxes	OW569292.1	fusion	M12,M29
Aricia_artaxerxes	OW569295.1	fusion	M17,M20
Aricia_artaxerxes	OW569290.1	fusion	M18,M30
Aricia_artaxerxes	OW569291.1	fusion	M11,M23
Aricia_artaxerxes	OW569293.1	fusion	M14,M26
Aricia_artaxerxes	OW569298.1	split	M3
Aricia_artaxerxes	OW569306.1	ancestral	M10
Aricia_artaxerxes	OW569296.1	ancestral	M2
Aricia_artaxerxes	OW569303.1	ancestral	M13
Aricia_artaxerxes	OW569302.1	ancestral	M22
Aricia_artaxerxes	OW569294.1	ancestral	M8
Aricia_artaxerxes	OW569301.1	ancestral	M16
Aricia_artaxerxes	OW569300.1	ancestral	M6
Aricia_artaxerxes	OW569304.1	ancestral	M15
Aricia_artaxerxes	OW569299.1	ancestral	M7
Aricia_artaxerxes	OW569305.1	ancestral	M21
Aricia_artaxerxes	OW569297.1	ancestral	M9
Aricia_artaxerxes	OW569308.1	ancestral	M24
Aricia_artaxerxes	OW569309.1	ancestral	M27
Celastrina_argiolus	query_chr	status	assigned_ref_chr
Celastrina_argiolus	LR994597.1	fusion	M28,M31
Celastrina_argiolus	LR994579.1	fusion	M25,M5
Celastrina_argiolus	LR994577.1	fusion	M1,M19
Celastrina_argiolus	LR994585.1	fusion	M2,M9
Celastrina_argiolus	LR994581.1	fusion	M12,M29
Celastrina_argiolus	LR994584.1	fusion	M17,M20
Celastrina_argiolus	LR994578.1	fusion	M18,M30
Celastrina_argiolus	LR994580.1	fusion	M11,M23
Celastrina_argiolus	LR994582.1	fusion	M14,M26
Celastrina_argiolus	LR994583.1	ancestral	MZ
Celastrina_argiolus	LR994587.1	ancestral	M3
Celastrina_argiolus	LR994594.1	ancestral	M10
Celastrina_argiolus	LR994586.1	split	M9
Celastrina_argiolus	LR994596.1	ancestral	M13
Celastrina_argiolus	LR994593.1	ancestral	M22
Celastrina_argiolus	LR994599.1	split	M8
Celastrina_argiolus	LR994601.1	split	M8
Celastrina_argiolus	LR994589.1	ancestral	M16
Celastrina_argiolus	LR994590.1	ancestral	M6
Celastrina_argiolus	LR994595.1	ancestral	M15
Celastrina_argiolus	LR994591.1	ancestral	M4
Celastrina_argiolus	LR994588.1	ancestral	M7
Celastrina_argiolus	LR994592.1	ancestral	M21
Celastrina_argiolus	LR994598.1	ancestral	M24
Celastrina_argiolus	LR994600.1	ancestral	M27
Cyaniris_semiargus	query_chr	status	assigned_ref_chr
Cyaniris_semiargus	LR994567.1	fusion	M28,M31
Cyaniris_semiargus	LR994548.1	fusion	M25,M3,M5
Cyaniris_semiargus	LR994546.1	fusion	M1,M19
Cyaniris_semiargus	LR994555.1	fusion	M2,M9
Cyaniris_semiargus	LR994551.1	fusion	M12,M29
Cyaniris_semiargus	LR994554.1	fusion	M17,M20
Cyaniris_semiargus	LR994549.1	fusion	M18,M30
Cyaniris_semiargus	LR994550.1	fusion	M11,M23
Cyaniris_semiargus	LR994552.1	fusion	M14,M26
Cyaniris_semiargus	LR994547.1	ancestral	MZ
Cyaniris_semiargus	LR994557.1	split	M3
Cyaniris_semiargus	LR994565.1	ancestral	M10
Cyaniris_semiargus	LR994556.1	split	M9
Cyaniris_semiargus	LR994566.1	ancestral	M13
Cyaniris_semiargus	LR994562.1	ancestral	M22
Cyaniris_semiargus	LR994553.1	ancestral	M8
Cyaniris_semiargus	LR994561.1	ancestral	M16
Cyaniris_semiargus	LR994559.1	ancestral	M6
Cyaniris_semiargus	LR994564.1	ancestral	M15
Cyaniris_semiargus	LR994560.1	ancestral	M4
Cyaniris_semiargus	LR994558.1	ancestral	M7
Cyaniris_semiargus	LR994563.1	ancestral	M21
Cyaniris_semiargus	LR994568.1	ancestral	M24
Cyaniris_semiargus	LR994569.1	ancestral	M27
Cyclargus_thomasi	query_chr	status	assigned_ref_chr
Cyclargus_thomasi	SUPER_20	fusion	M28,M31
Cyclargus_thomasi	SUPER_4	fusion	M25,M3,M5
Cyclargus_thomasi	SUPER_1	fusion	M1,M19
Cyclargus_thomasi	SUPER_7	fusion	M2,M9
Cyclargus_thomasi	SUPER_5	fusion	M12,M29
Cyclargus_thomasi	SUPER_8	fusion	M17,M20
Cyclargus_thomasi	SUPER_3	fusion	M18,M30
Cyclargus_thomasi	SUPER_2	fusion	M11,M23
Cyclargus_thomasi	SUPER_6	fusion	M14,M26
Cyclargus_thomasi	SUPER_Z	ancestral	MZ
Cyclargus_thomasi	SUPER_11	split	M3
Cyclargus_thomasi	SUPER_19	ancestral	M10
Cyclargus_thomasi	SUPER_10	split	M9
Cyclargus_thomasi	SUPER_21	ancestral	M13
Cyclargus_thomasi	SUPER_16	ancestral	M22
Cyclargus_thomasi	SUPER_9	ancestral	M8
Cyclargus_thomasi	SUPER_13	ancestral	M16
Cyclargus_thomasi	SUPER_14	ancestral	M6
Cyclargus_thomasi	SUPER_18	ancestral	M15
Cyclargus_thomasi	SUPER_15	ancestral	M4
Cyclargus_thomasi	SUPER_12	ancestral	M7
Cyclargus_thomasi	SUPER_17	ancestral	M21
Cyclargus_thomasi	SUPER_22	ancestral	M24
Cyclargus_thomasi	SUPER_23	ancestral	M27
Glaucopsyche_alexis	query_chr	status	assigned_ref_chr
Glaucopsyche_alexis	FR990061.1	fusion	M28,M31
Glaucopsyche_alexis	FR990042.1	fusion	M13,MZ
Glaucopsyche_alexis	FR990047.1	fusion	M25,M5
Glaucopsyche_alexis	FR990043.1	fusion	M1,M19
Glaucopsyche_alexis	FR990051.1	fusion	M2,M9
Glaucopsyche_alexis	FR990048.1	fusion	M12,M29
Glaucopsyche_alexis	FR990050.1	fusion	M17,M20
Glaucopsyche_alexis	FR990044.1	fusion	M18,M30
Glaucopsyche_alexis	FR990045.1	fusion	M11,M23
Glaucopsyche_alexis	FR990046.1	fusion	M14,M26
Glaucopsyche_alexis	FR990064.1	fusion	M13,M24
Glaucopsyche_alexis	FR990053.1	ancestral	M3
Glaucopsyche_alexis	FR990057.1	ancestral	M10
Glaucopsyche_alexis	FR990052.1	split	M9
Glaucopsyche_alexis	FR990058.1	ancestral	M22
Glaucopsyche_alexis	FR990049.1	ancestral	M8
Glaucopsyche_alexis	FR990059.1	ancestral	M16
Glaucopsyche_alexis	FR990055.1	ancestral	M6
Glaucopsyche_alexis	FR990062.1	ancestral	M15
Glaucopsyche_alexis	FR990056.1	ancestral	M4
Glaucopsyche_alexis	FR990054.1	ancestral	M7
Glaucopsyche_alexis	FR990060.1	ancestral	M21
Glaucopsyche_alexis	FR990063.1	ancestral	M27
Helleia_helle	query_chr	status	assigned_ref_chr
Helleia_helle	OY971434.1	fusion	M28,M31
Helleia_helle	OY971418.1	fusion	M25,M3,M5
Helleia_helle	OY971414.1	fusion	M1,M19
Helleia_helle	OY971422.1	fusion	M2,M9
Helleia_helle	OY971417.1	fusion	M12,M29
Helleia_helle	OY971421.1	fusion	M17,M20
Helleia_helle	OY971416.1	fusion	M18,M30
Helleia_helle	OY971415.1	fusion	M11,M23
Helleia_helle	OY971419.1	fusion	M14,M26
Helleia_helle	OY971436.1	fusion	M13,M24
Helleia_helle	OY971420.1	ancestral	MZ
Helleia_helle	OY971424.1	split	M3
Helleia_helle	OY971433.1	ancestral	M10
Helleia_helle	OY971425.1	split	M9
Helleia_helle	OY971435.1	split	M13
Helleia_helle	OY971427.1	ancestral	M22
Helleia_helle	OY971423.1	ancestral	M8
Helleia_helle	OY971428.1	ancestral	M16
Helleia_helle	OY971429.1	ancestral	M6
Helleia_helle	OY971432.1	ancestral	M15
Helleia_helle	OY971430.1	ancestral	M4
Helleia_helle	OY971426.1	ancestral	M7
Helleia_helle	OY971431.1	ancestral	M21
Helleia_helle	OY971437.1	ancestral	M27
Lycaena_phlaeas	query_chr	status	assigned_ref_chr
Lycaena_phlaeas	HG995183.1	fusion	M28,M31
Lycaena_phlaeas	HG995166.1	fusion	M25,M3,M5
Lycaena_phlaeas	HG995163.1	fusion	M1,M19
Lycaena_phlaeas	HG995171.1	fusion	M2,M9
Lycaena_phlaeas	HG995167.1	fusion	M12,M29
Lycaena_phlaeas	HG995170.1	fusion	M17,M20
Lycaena_phlaeas	HG995164.1	fusion	M18,M30
Lycaena_phlaeas	HG995165.1	fusion	M11,M23
Lycaena_phlaeas	HG995169.1	fusion	M14,M26
Lycaena_phlaeas	HG995168.1	ancestral	MZ
Lycaena_phlaeas	HG995172.1	split	M3
Lycaena_phlaeas	HG995182.1	ancestral	M10
Lycaena_phlaeas	HG995173.1	split	M9
Lycaena_phlaeas	HG995184.1	ancestral	M13
Lycaena_phlaeas	HG995180.1	ancestral	M22
Lycaena_phlaeas	HG995174.1	ancestral	M8
Lycaena_phlaeas	HG995176.1	ancestral	M16
Lycaena_phlaeas	HG995177.1	ancestral	M6
Lycaena_phlaeas	HG995181.1	ancestral	M15
Lycaena_phlaeas	HG995178.1	ancestral	M4
Lycaena_phlaeas	HG995175.1	ancestral	M7
Lycaena_phlaeas	HG995179.1	ancestral	M21
Lycaena_phlaeas	HG995185.1	ancestral	M24
Lycaena_phlaeas	HG995186.1	ancestral	M27
Lysandra_bellargus	query_chr	status	assigned_ref_chr
Lysandra_bellargus	HG995320.1	fusion	M28,M31
Lysandra_bellargus	HG995325.1	fusion	M25,M5
Lysandra_bellargus	HG995331.1	fusion	M1,M19
Lysandra_bellargus	HG995326.1	fusion	M25,M5
Lysandra_bellargus	HG995328.1	fusion	M2,M9
Lysandra_bellargus	HG995339.1	fusion	M12,M29
Lysandra_bellargus	HG995321.1	fusion	M11,M23
Lysandra_bellargus	HG995337.1	fusion	M14,M26
Lysandra_bellargus	HG995342.1	fusion	M18,M30
Lysandra_bellargus	HG995333.1	fusion	M17,M20
Lysandra_bellargus	HG995327.1	fusion	M14,M26
Lysandra_bellargus	HG995319.1	ancestral	MZ
Lysandra_bellargus	HG995334.1	split	M3
Lysandra_bellargus	HG995345.1	split	M3
Lysandra_bellargus	HG995346.1	split	M1
Lysandra_bellargus	HG995349.1	split	M1
Lysandra_bellargus	HG995356.1	split	M10
Lysandra_bellargus	HG995352.1	split	M10
Lysandra_bellargus	HG995336.1	split	M9
Lysandra_bellargus	HG995344.1	split	M9
Lysandra_bellargus	HG995348.1	split	M2
Lysandra_bellargus	HG995323.1	split	M12
Lysandra_bellargus	HG995362.1	split	M13
Lysandra_bellargus	HG995357.1	split	M13
Lysandra_bellargus	HG995335.1	split	M17
Lysandra_bellargus	HG995361.1	split	M22
Lysandra_bellargus	HG995347.1	split	M22
Lysandra_bellargus	HG995332.1	split	M8
Lysandra_bellargus	HG995338.1	split	M8
Lysandra_bellargus	HG995322.1	split	M18
Lysandra_bellargus	HG995353.1	split	M16
Lysandra_bellargus	HG995350.1	split	M16
Lysandra_bellargus	HG995340.1	split	M23
Lysandra_bellargus	HG995341.1	split	M6
Lysandra_bellargus	HG995358.1	split	M6
Lysandra_bellargus	HG995360.1	split	M15
Lysandra_bellargus	HG995351.1	split	M15
Lysandra_bellargus	HG995343.1	split	M4
Lysandra_bellargus	HG995359.1	split	M4
Lysandra_bellargus	HG995330.1	split	M7
Lysandra_bellargus	HG995363.1	split	M7
Lysandra_bellargus	HG995355.1	split	M21
Lysandra_bellargus	HG995354.1	split	M21
Lysandra_bellargus	HG995324.1	ancestral	M24
Lysandra_bellargus	HG995329.1	ancestral	M27
Lysandra_coridon	query_chr	status	assigned_ref_chr
Lysandra_coridon	HG992055.1	fusion	M16,MZ
Lysandra_coridon	HG992068.1	fusion	M1,M19
Lysandra_coridon	HG992064.1	fusion	M25,M5
Lysandra_coridon	HG992073.1	fusion	M2,M9
Lysandra_coridon	HG992062.1	fusion	M25,M5
Lysandra_coridon	HG992104.1	fusion	M12,M29
Lysandra_coridon	HG992108.1	fusion	M11,M23
Lysandra_coridon	HG992084.1	fusion	M14,M26
Lysandra_coridon	HG992071.1	fusion	M18,M30
Lysandra_coridon	HG992093.1	fusion	M25,M5
Lysandra_coridon	HG992057.1	fusion	M28,M31
Lysandra_coridon	HG992094.1	fusion	M17,M20
Lysandra_coridon	HG992067.1	fusion	M14,M26
Lysandra_coridon	HG992126.1	split	M28
Lysandra_coridon	HG992123.1	split	M28
Lysandra_coridon	HG992125.1	split	M16
Lysandra_coridon	HG992111.1	split	M16
Lysandra_coridon	HG992102.1	split	M16
Lysandra_coridon	HG992087.1	split	M3
Lysandra_coridon	HG992118.1	split	M3
Lysandra_coridon	HG992081.1	split	M3
Lysandra_coridon	HG992112.1	split	M3
Lysandra_coridon	HG992086.1	split	M5
Lysandra_coridon	HG992090.1	split	M19
Lysandra_coridon	HG992109.1	split	M1
Lysandra_coridon	HG992096.1	split	M1
Lysandra_coridon	HG992133.1	split	M1
Lysandra_coridon	HG992117.1	split	M1
Lysandra_coridon	HG992116.1	split	M10
Lysandra_coridon	HG992120.1	split	M10
Lysandra_coridon	HG992130.1	split	M10
Lysandra_coridon	HG992121.1	split	M10
Lysandra_coridon	HG992079.1	split	M2
Lysandra_coridon	HG992103.1	split	M2
Lysandra_coridon	HG992122.1	split	M2
Lysandra_coridon	HG992100.1	split	M9
Lysandra_coridon	HG992097.1	split	M9
Lysandra_coridon	HG992119.1	split	M9
Lysandra_coridon	HG992083.1	split	M9
Lysandra_coridon	HG992061.1	split	M12
Lysandra_coridon	HG992141.1	split	M12
Lysandra_coridon	HG992140.1	split	M12
Lysandra_coridon	HG992142.1	split	M13
Lysandra_coridon	HG992144.1	split	M13
Lysandra_coridon	HG992085.1	split	M13
Lysandra_coridon	HG992128.1	split	M13
Lysandra_coridon	HG992077.1	split	M29
Lysandra_coridon	HG992088.1	split	M17
Lysandra_coridon	HG992099.1	split	M17
Lysandra_coridon	HG992066.1	split	M22
Lysandra_coridon	HG992072.1	split	M22
Lysandra_coridon	HG992095.1	split	M22
Lysandra_coridon	HG992078.1	split	M8
Lysandra_coridon	HG992075.1	split	M8
Lysandra_coridon	HG992091.1	split	M8
Lysandra_coridon	HG992101.1	split	M8
Lysandra_coridon	HG992059.1	split	M18
Lysandra_coridon	HG992060.1	split	M18
Lysandra_coridon	HG992143.1	split	M11
Lysandra_coridon	HG992110.1	split	M11
Lysandra_coridon	HG992107.1	split	M11
Lysandra_coridon	HG992139.1	split	M23
Lysandra_coridon	HG992131.1	split	M23
Lysandra_coridon	HG992082.1	split	M6
Lysandra_coridon	HG992113.1	split	M6
Lysandra_coridon	HG992115.1	split	M6
Lysandra_coridon	HG992134.1	split	M6
Lysandra_coridon	HG992129.1	split	M15
Lysandra_coridon	HG992135.1	split	M15
Lysandra_coridon	HG992136.1	split	M15
Lysandra_coridon	HG992098.1	split	M15
Lysandra_coridon	HG992074.1	split	M4
Lysandra_coridon	HG992124.1	split	M4
Lysandra_coridon	HG992137.1	split	M4
Lysandra_coridon	HG992127.1	split	M4
Lysandra_coridon	HG992092.1	split	M7
Lysandra_coridon	HG992063.1	split	M7
Lysandra_coridon	HG992058.1	split	M7
Lysandra_coridon	HG992080.1	split	M14
Lysandra_coridon	HG992069.1	split	M26
Lysandra_coridon	HG992138.1	split	M21
Lysandra_coridon	HG992105.1	split	M21
Lysandra_coridon	HG992106.1	split	M21
Lysandra_coridon	HG992132.1	split	M21
Lysandra_coridon	HG992114.1	split	M30
Lysandra_coridon	HG992065.1	split	M20
Lysandra_coridon	HG992056.1	split	M24
Lysandra_coridon	HG992089.1	split	M24
Lysandra_coridon	HG992076.1	split	M27
Lysandra_coridon	HG992070.1	split	M27
Lysandra_hispana	query_chr	status	assigned_ref_chr
Lysandra_hispana	SUPER_12	fusion	M25,M5
Lysandra_hispana	SUPER_27	fusion	M2,M9
Lysandra_hispana	SUPER_10	fusion	M1,M19
Lysandra_hispana	SUPER_23	fusion	M25,M5
Lysandra_hispana	SUPER_25	fusion	M12,M29
Lysandra_hispana	SUPER_43	fusion	M14,M26
Lysandra_hispana	SUPER_34	fusion	M18,M30
Lysandra_hispana	SUPER_17	fusion	M25,M5
Lysandra_hispana	SUPER_1	fusion	M28,M31
Lysandra_hispana	SUPER_71	fusion	M17,M20
Lysandra_hispana	SUPER_2	fusion	M13,M24
Lysandra_hispana	SUPER_20	fusion	M14,M26
Lysandra_hispana	SUPER_75	split	M28
Lysandra_hispana	SUPER_77	split	M28
Lysandra_hispana	SUPER_Z	ancestral	MZ
Lysandra_hispana	SUPER_32	split	M3
Lysandra_hispana	SUPER_62	split	M3
Lysandra_hispana	SUPER_33	split	M3
Lysandra_hispana	SUPER_60	split	M3
Lysandra_hispana	SUPER_30	split	M5
Lysandra_hispana	SUPER_63	split	M19
Lysandra_hispana	SUPER_66	split	M19
Lysandra_hispana	SUPER_52	split	M10
Lysandra_hispana	SUPER_14	split	M10
Lysandra_hispana	SUPER_38	split	M10
Lysandra_hispana	SUPER_76	split	M2
Lysandra_hispana	SUPER_31	split	M2
Lysandra_hispana	SUPER_47	split	M2
Lysandra_hispana	SUPER_73	split	M9
Lysandra_hispana	SUPER_49	split	M9
Lysandra_hispana	SUPER_53	split	M9
Lysandra_hispana	SUPER_37	split	M9
Lysandra_hispana	SUPER_8	split	M12
Lysandra_hispana	SUPER_16	split	M12
Lysandra_hispana	SUPER_6	split	M1
Lysandra_hispana	SUPER_19	split	M1
Lysandra_hispana	SUPER_15	split	M13
Lysandra_hispana	SUPER_80	split	M13
Lysandra_hispana	SUPER_44	split	M13
Lysandra_hispana	SUPER_58	split	M29
Lysandra_hispana	SUPER_40	split	M17
Lysandra_hispana	SUPER_51	split	M17
Lysandra_hispana	SUPER_21	split	M22
Lysandra_hispana	SUPER_28	split	M22
Lysandra_hispana	SUPER_50	split	M22
Lysandra_hispana	SUPER_46	split	M8
Lysandra_hispana	SUPER_39	split	M8
Lysandra_hispana	SUPER_45	split	M8
Lysandra_hispana	SUPER_42	split	M8
Lysandra_hispana	SUPER_11	split	M18
Lysandra_hispana	SUPER_3	split	M18
Lysandra_hispana	SUPER_72	split	M16
Lysandra_hispana	SUPER_59	split	M16
Lysandra_hispana	SUPER_55	split	M16
Lysandra_hispana	SUPER_82	split	M16
Lysandra_hispana	SUPER_78	split	M23
Lysandra_hispana	SUPER_7	split	M23
Lysandra_hispana	SUPER_48	split	M6
Lysandra_hispana	SUPER_69	split	M6
Lysandra_hispana	SUPER_64	split	M6
Lysandra_hispana	SUPER_79	split	M6
Lysandra_hispana	SUPER_67	split	M15
Lysandra_hispana	SUPER_5	split	M15
Lysandra_hispana	SUPER_54	split	M15
Lysandra_hispana	SUPER_35	split	M4
Lysandra_hispana	SUPER_70	split	M4
Lysandra_hispana	SUPER_4	split	M4
Lysandra_hispana	SUPER_74	split	M11
Lysandra_hispana	SUPER_68	split	M11
Lysandra_hispana	SUPER_57	split	M11
Lysandra_hispana	SUPER_9	split	M7
Lysandra_hispana	SUPER_22	split	M7
Lysandra_hispana	SUPER_18	split	M7
Lysandra_hispana	SUPER_29	split	M26
Lysandra_hispana	SUPER_36	split	M14
Lysandra_hispana	SUPER_83	split	M21
Lysandra_hispana	SUPER_61	split	M21
Lysandra_hispana	SUPER_56	split	M21
Lysandra_hispana	SUPER_81	split	M21
Lysandra_hispana	SUPER_65	split	M30
Lysandra_hispana	SUPER_13	split	M20
Lysandra_hispana	SUPER_41	split	M24
Lysandra_hispana	SUPER_26	split	M27
Lysandra_hispana	SUPER_24	split	M27
Maurus_vogelii	query_chr	status	assigned_ref_chr
Maurus_vogelii	SUPER_19	fusion	M28,M31
Maurus_vogelii	SUPER_2	fusion	M25,M3,M5
Maurus_vogelii	SUPER_1	fusion	M1,M19
Maurus_vogelii	SUPER_9	fusion	M2,M9
Maurus_vogelii	SUPER_5	fusion	M12,M29
Maurus_vogelii	SUPER_7	fusion	M17,M20
Maurus_vogelii	SUPER_3	fusion	M18,M30
Maurus_vogelii	SUPER_4	fusion	M11,M23
Maurus_vogelii	SUPER_6	fusion	M14,M26
Maurus_vogelii	SUPER_Z	ancestral	MZ
Maurus_vogelii	SUPER_10	split	M3
Maurus_vogelii	SUPER_20	ancestral	M10
Maurus_vogelii	SUPER_11	split	M9
Maurus_vogelii	SUPER_21	ancestral	M13
Maurus_vogelii	SUPER_16	ancestral	M22
Maurus_vogelii	SUPER_8	ancestral	M8
Maurus_vogelii	SUPER_15	ancestral	M16
Maurus_vogelii	SUPER_13	ancestral	M6
Maurus_vogelii	SUPER_18	ancestral	M15
Maurus_vogelii	SUPER_14	ancestral	M4
Maurus_vogelii	SUPER_12	ancestral	M7
Maurus_vogelii	SUPER_17	ancestral	M21
Maurus_vogelii	SUPER_22	ancestral	M24
Maurus_vogelii	SUPER_23	ancestral	M27
Melitaea_cinxia	query_chr	status	assigned_ref_chr
Melitaea_cinxia	HG992210.1	fusion	M2,M9
Melitaea_cinxia	HG992211.1	fusion	M17,M20
Melitaea_cinxia	HG992235.1	ancestral	M28
Melitaea_cinxia	HG992209.1	ancestral	MZ
Melitaea_cinxia	HG992214.1	ancestral	M3
Melitaea_cinxia	HG992217.1	ancestral	M5
Melitaea_cinxia	HG992233.1	ancestral	M19
Melitaea_cinxia	HG992226.1	ancestral	M10
Melitaea_cinxia	HG992215.1	split	M9
Melitaea_cinxia	HG992216.1	ancestral	M12
Melitaea_cinxia	HG992212.1	ancestral	M1
Melitaea_cinxia	HG992230.1	ancestral	M13
Melitaea_cinxia	HG992222.1	ancestral	M22
Melitaea_cinxia	HG992213.1	ancestral	M8
Melitaea_cinxia	HG992220.1	ancestral	M18
Melitaea_cinxia	HG992221.1	ancestral	M16
Melitaea_cinxia	HG992228.1	ancestral	M23
Melitaea_cinxia	HG992218.1	ancestral	M6
Melitaea_cinxia	HG992224.1	ancestral	M15
Melitaea_cinxia	HG992223.1	ancestral	M4
Melitaea_cinxia	HG992227.1	ancestral	M11
Melitaea_cinxia	HG992219.1	ancestral	M7
Melitaea_cinxia	HG992229.1	ancestral	M14
Melitaea_cinxia	HG992225.1	ancestral	M21
Melitaea_cinxia	HG992232.1	ancestral	M24
Melitaea_cinxia	HG992237.1	ancestral	M27
Melitaea_cinxia	HG992239.1	ancestral	M29
Melitaea_cinxia	HG992231.1	ancestral	M26
Melitaea_cinxia	HG992238.1	ancestral	M25
Melitaea_cinxia	HG992234.1	ancestral	M31
Melitaea_cinxia	HG992236.1	ancestral	M30
Phengaris_arion	query_chr	status	assigned_ref_chr
Phengaris_arion	OY751448.1	fusion	M28,M31
Phengaris_arion	OY751431.1	fusion	M25,M4,M5
Phengaris_arion	OY751432.1	fusion	M1,M19
Phengaris_arion	OY751441.1	fusion	M2,M9
Phengaris_arion	OY751434.1	fusion	M12,M29
Phengaris_arion	OY751440.1	fusion	M17,M20
Phengaris_arion	OY751436.1	fusion	M18,M30
Phengaris_arion	OY751435.1	fusion	M11,M23
Phengaris_arion	OY751433.1	fusion	M14,M26
Phengaris_arion	OY751437.1	ancestral	MZ
Phengaris_arion	OY751442.1	ancestral	M3
Phengaris_arion	OY751450.1	ancestral	M10
Phengaris_arion	OY751439.1	split	M9
Phengaris_arion	OY751444.1	ancestral	M13
Phengaris_arion	OY751447.1	ancestral	M22
Phengaris_arion	OY751438.1	ancestral	M8
Phengaris_arion	OY751445.1	ancestral	M16
Phengaris_arion	OY751446.1	ancestral	M6
Phengaris_arion	OY751451.1	ancestral	M15
Phengaris_arion	OY751443.1	ancestral	M7
Phengaris_arion	OY751449.1	ancestral	M21
Phengaris_arion	OY751452.1	ancestral	M24
Phengaris_arion	OY751453.1	ancestral	M27
Plebejus_argus	query_chr	status	assigned_ref_chr
Plebejus_argus	FR989926.1	fusion	M13,M28,M31
Plebejus_argus	FR989929.1	fusion	M25,M3,M5
Plebejus_argus	FR989927.1	fusion	M1,M19
Plebejus_argus	FR989935.1	fusion	M2,M9
Plebejus_argus	FR989931.1	fusion	M12,M29
Plebejus_argus	FR989934.1	fusion	M17,M20
Plebejus_argus	FR989928.1	fusion	M18,M30
Plebejus_argus	FR989930.1	fusion	M11,M23
Plebejus_argus	FR989933.1	fusion	M14,M26
Plebejus_argus	FR989932.1	ancestral	MZ
Plebejus_argus	FR989938.1	split	M3
Plebejus_argus	FR989946.1	ancestral	M10
Plebejus_argus	FR989937.1	split	M9
Plebejus_argus	FR989944.1	ancestral	M22
Plebejus_argus	FR989936.1	ancestral	M8
Plebejus_argus	FR989941.1	ancestral	M16
Plebejus_argus	FR989942.1	ancestral	M6
Plebejus_argus	FR989945.1	ancestral	M15
Plebejus_argus	FR989940.1	ancestral	M4
Plebejus_argus	FR989939.1	ancestral	M7
Plebejus_argus	FR989943.1	ancestral	M21
Plebejus_argus	FR989947.1	ancestral	M24
Plebejus_argus	FR989948.1	ancestral	M27
Polyommatus_admetus	query_chr	status	assigned_ref_chr
Polyommatus_admetus	SUPER_1	fusion	M12,M2,M28,M29
Polyommatus_admetus	SUPER_Z	fusion	M24,MZ
Polyommatus_admetus	SUPER_2	fusion	M20,M23,M5
Polyommatus_admetus	SUPER_23	fusion	M25,M5
Polyommatus_admetus	SUPER_3	fusion	M10,M18
Polyommatus_admetus	SUPER_5	fusion	M1,M19
Polyommatus_admetus	SUPER_11	fusion	M12,M22
Polyommatus_admetus	SUPER_6	fusion	M3,M8
Polyommatus_admetus	SUPER_60	fusion	M13,M8
Polyommatus_admetus	SUPER_17	fusion	M15,M23,M27
Polyommatus_admetus	SUPER_12	fusion	M29,M6
Polyommatus_admetus	SUPER_4	fusion	M15,M23,M4
Polyommatus_admetus	SUPER_27	fusion	M11,M22
Polyommatus_admetus	SUPER_40	fusion	M11,M20
Polyommatus_admetus	SUPER_70	fusion	M2,M25
Polyommatus_admetus	SUPER_8	fusion	M11,M9
Polyommatus_admetus	SUPER_18	fusion	M3,M7
Polyommatus_admetus	SUPER_24	fusion	M21,M8
Polyommatus_admetus	SUPER_55	fusion	M18,M30
Polyommatus_admetus	SUPER_65	fusion	M25,M5
Polyommatus_admetus	SUPER_15	fusion	M2,M9
Polyommatus_admetus	SUPER_53	fusion	M17,M20
Polyommatus_admetus	SUPER_45	fusion	M26,M3
Polyommatus_admetus	SUPER_9	fusion	M13,M24
Polyommatus_admetus	SUPER_14	fusion	M21,M26
Polyommatus_admetus	SUPER_47	fusion	M12,M4
Polyommatus_admetus	SUPER_50	fusion	M12,M29
Polyommatus_admetus	SUPER_73	fusion	M14,M26,M9
Polyommatus_admetus	SUPER_36	fusion	M14,M26
Polyommatus_admetus	SUPER_64	fusion	M16,M21
Polyommatus_admetus	SUPER_69	fusion	M14,M26,M28
Polyommatus_admetus	SUPER_20	fusion	M16,M23
Polyommatus_admetus	SUPER_52	split	M28
Polyommatus_admetus	SUPER_61	split	M2
Polyommatus_admetus	SUPER_75	split	M2
Polyommatus_admetus	SUPER_46	split	M12
Polyommatus_admetus	SUPER_26	split	M3
Polyommatus_admetus	SUPER_22	split	M5
Polyommatus_admetus	SUPER_7	split	M19
Polyommatus_admetus	SUPER_28	split	M10
Polyommatus_admetus	SUPER_33	split	M10
Polyommatus_admetus	SUPER_67	split	M18
Polyommatus_admetus	SUPER_66	split	M18
Polyommatus_admetus	SUPER_10	split	M1
Polyommatus_admetus	SUPER_57	split	M13
Polyommatus_admetus	SUPER_51	split	M13
Polyommatus_admetus	SUPER_72	split	M13
Polyommatus_admetus	SUPER_68	split	M13
Polyommatus_admetus	SUPER_29	split	M17
Polyommatus_admetus	SUPER_37	split	M17
Polyommatus_admetus	SUPER_35	split	M22
Polyommatus_admetus	SUPER_44	split	M22
Polyommatus_admetus	SUPER_76	split	M8
Polyommatus_admetus	SUPER_39	split	M8
Polyommatus_admetus	SUPER_58	split	M8
Polyommatus_admetus	SUPER_77	split	M8
Polyommatus_admetus	SUPER_31	split	M16
Polyommatus_admetus	SUPER_16	split	M16
Polyommatus_admetus	SUPER_43	split	M15
Polyommatus_admetus	SUPER_74	split	M15
Polyommatus_admetus	SUPER_41	split	M27
Polyommatus_admetus	SUPER_19	split	M27
Polyommatus_admetus	SUPER_63	split	M6
Polyommatus_admetus	SUPER_34	split	M6
Polyommatus_admetus	SUPER_48	split	M6
Polyommatus_admetus	SUPER_32	split	M4
Polyommatus_admetus	SUPER_42	split	M4
Polyommatus_admetus	SUPER_25	split	M14
Polyommatus_admetus	SUPER_38	split	M9
Polyommatus_admetus	SUPER_30	split	M9
Polyommatus_admetus	SUPER_62	split	M9
Polyommatus_admetus	SUPER_49	split	M7
Polyommatus_admetus	SUPER_79	split	M7
Polyommatus_admetus	SUPER_13	split	M7
Polyommatus_admetus	SUPER_71	split	M21
Polyommatus_admetus	SUPER_56	split	M21
Polyommatus_admetus	SUPER_78	split	M21
Polyommatus_admetus	SUPER_59	split	M30
Polyommatus_admetus	SUPER_54	split	M30
Polyommatus_admetus	SUPER_21	ancestral	M31
Polyommatus_amandus	query_chr	status	assigned_ref_chr
Polyommatus_amandus	SUPER_21	fusion	M28,M31
Polyommatus_amandus	SUPER_Z	fusion	M24,MZ
Polyommatus_amandus	SUPER_3	fusion	M25,M5
Polyommatus_amandus	SUPER_1	fusion	M1,M19
Polyommatus_amandus	SUPER_10	fusion	M2,M9
Polyommatus_amandus	SUPER_6	fusion	M12,M29
Polyommatus_amandus	SUPER_9	fusion	M17,M20
Polyommatus_amandus	SUPER_2	fusion	M18,M30
Polyommatus_amandus	SUPER_5	fusion	M11,M23
Polyommatus_amandus	SUPER_7	fusion	M14,M26
Polyommatus_amandus	SUPER_12	ancestral	M3
Polyommatus_amandus	SUPER_16	ancestral	M10
Polyommatus_amandus	SUPER_11	split	M9
Polyommatus_amandus	SUPER_18	ancestral	M13
Polyommatus_amandus	SUPER_20	ancestral	M22
Polyommatus_amandus	SUPER_4	ancestral	M8
Polyommatus_amandus	SUPER_15	ancestral	M16
Polyommatus_amandus	SUPER_13	ancestral	M6
Polyommatus_amandus	SUPER_19	ancestral	M15
Polyommatus_amandus	SUPER_14	ancestral	M4
Polyommatus_amandus	SUPER_8	ancestral	M7
Polyommatus_amandus	SUPER_17	ancestral	M21
Polyommatus_amandus	SUPER_22	ancestral	M27
Polyommatus_atlantica	query_chr	status	assigned_ref_chr
Polyommatus_atlantica	SUPER_Z1	fusion	M24,MZ
Polyommatus_atlantica	SUPER_16	fusion	M25,M5
Polyommatus_atlantica	SUPER_26	fusion	M22,M28
Polyommatus_atlantica	SUPER_97	fusion	M17,M20
Polyommatus_atlantica	SUPER_93	fusion	M2,M9
Polyommatus_atlantica	SUPER_138	fusion	M25,M5
Polyommatus_atlantica	SUPER_182	fusion	M14,M26
Polyommatus_atlantica	SUPER_95	fusion	M18,M30
Polyommatus_atlantica	SUPER_40	fusion	M25,M5
Polyommatus_atlantica	SUPER_W1	fusion	M16,M24
Polyommatus_atlantica	SUPER_24	split	M28
Polyommatus_atlantica	SUPER_13	split	M28
Polyommatus_atlantica	SUPER_74	split	M28
Polyommatus_atlantica	SUPER_75	split	M28
Polyommatus_atlantica	SUPER_190	split	M3
Polyommatus_atlantica	SUPER_212	split	M3
Polyommatus_atlantica	SUPER_114	split	M3
Polyommatus_atlantica	SUPER_17	split	M3
Polyommatus_atlantica	SUPER_58	split	M3
Polyommatus_atlantica	SUPER_85	split	M3
Polyommatus_atlantica	SUPER_49	split	M3
Polyommatus_atlantica	SUPER_151	split	M3
Polyommatus_atlantica	SUPER_188	split	M3
Polyommatus_atlantica	SUPER_215	split	M3
Polyommatus_atlantica	SUPER_205	split	M3
Polyommatus_atlantica	SUPER_115	split	M3
Polyommatus_atlantica	SUPER_208	split	M5
Polyommatus_atlantica	SUPER_142	split	M5
Polyommatus_atlantica	SUPER_20	split	M5
Polyommatus_atlantica	SUPER_90	split	M5
Polyommatus_atlantica	SUPER_127	split	M5
Polyommatus_atlantica	SUPER_223	split	M5
Polyommatus_atlantica	SUPER_37	split	M5
Polyommatus_atlantica	SUPER_70	split	M5
Polyommatus_atlantica	SUPER_220	split	M5
Polyommatus_atlantica	SUPER_65	split	M19
Polyommatus_atlantica	SUPER_196	split	M19
Polyommatus_atlantica	SUPER_150	split	M19
Polyommatus_atlantica	SUPER_79	split	M19
Polyommatus_atlantica	SUPER_92	split	M19
Polyommatus_atlantica	SUPER_121	split	M19
Polyommatus_atlantica	SUPER_181	split	M19
Polyommatus_atlantica	SUPER_68	split	M25
Polyommatus_atlantica	SUPER_219	split	M10
Polyommatus_atlantica	SUPER_36	split	M10
Polyommatus_atlantica	SUPER_117	split	M10
Polyommatus_atlantica	SUPER_125	split	M10
Polyommatus_atlantica	SUPER_106	split	M10
Polyommatus_atlantica	SUPER_64	split	M10
Polyommatus_atlantica	SUPER_87	split	M10
Polyommatus_atlantica	SUPER_222	split	M10
Polyommatus_atlantica	SUPER_227	split	M10
Polyommatus_atlantica	SUPER_63	split	M10
Polyommatus_atlantica	SUPER_71	split	M2
Polyommatus_atlantica	SUPER_31	split	M2
Polyommatus_atlantica	SUPER_119	split	M2
Polyommatus_atlantica	SUPER_15	split	M2
Polyommatus_atlantica	SUPER_207	split	M2
Polyommatus_atlantica	SUPER_214	split	M2
Polyommatus_atlantica	SUPER_113	split	M2
Polyommatus_atlantica	SUPER_116	split	M2
Polyommatus_atlantica	SUPER_210	split	M2
Polyommatus_atlantica	SUPER_154	split	M2
Polyommatus_atlantica	SUPER_199	split	M2
Polyommatus_atlantica	SUPER_34	split	M12
Polyommatus_atlantica	SUPER_23	split	M12
Polyommatus_atlantica	SUPER_156	split	M12
Polyommatus_atlantica	SUPER_12	split	M12
Polyommatus_atlantica	SUPER_155	split	M12
Polyommatus_atlantica	SUPER_55	split	M12
Polyommatus_atlantica	SUPER_82	split	M12
Polyommatus_atlantica	SUPER_29	split	M12
Polyommatus_atlantica	SUPER_202	split	M1
Polyommatus_atlantica	SUPER_2	split	M1
Polyommatus_atlantica	SUPER_177	split	M1
Polyommatus_atlantica	SUPER_53	split	M1
Polyommatus_atlantica	SUPER_176	split	M1
Polyommatus_atlantica	SUPER_170	split	M1
Polyommatus_atlantica	SUPER_203	split	M1
Polyommatus_atlantica	SUPER_194	split	M1
Polyommatus_atlantica	SUPER_191	split	M1
Polyommatus_atlantica	SUPER_112	split	M1
Polyommatus_atlantica	SUPER_213	split	M1
Polyommatus_atlantica	SUPER_8	split	M13
Polyommatus_atlantica	SUPER_111	split	M13
Polyommatus_atlantica	SUPER_134	split	M13
Polyommatus_atlantica	SUPER_178	split	M13
Polyommatus_atlantica	SUPER_66	split	M13
Polyommatus_atlantica	SUPER_159	split	M13
Polyommatus_atlantica	SUPER_201	split	M13
Polyommatus_atlantica	SUPER_126	split	M13
Polyommatus_atlantica	SUPER_166	split	M13
Polyommatus_atlantica	SUPER_32	split	M22
Polyommatus_atlantica	SUPER_10	split	M22
Polyommatus_atlantica	SUPER_44	split	M22
Polyommatus_atlantica	SUPER_27	split	M22
Polyommatus_atlantica	SUPER_28	split	M22
Polyommatus_atlantica	SUPER_108	split	M22
Polyommatus_atlantica	SUPER_147	split	M22
Polyommatus_atlantica	SUPER_143	split	M17
Polyommatus_atlantica	SUPER_100	split	M17
Polyommatus_atlantica	SUPER_99	split	M17
Polyommatus_atlantica	SUPER_96	split	M17
Polyommatus_atlantica	SUPER_6	split	M17
Polyommatus_atlantica	SUPER_198	split	M17
Polyommatus_atlantica	SUPER_129	split	M8
Polyommatus_atlantica	SUPER_160	split	M8
Polyommatus_atlantica	SUPER_209	split	M8
Polyommatus_atlantica	SUPER_7	split	M8
Polyommatus_atlantica	SUPER_38	split	M8
Polyommatus_atlantica	SUPER_3	split	M8
Polyommatus_atlantica	SUPER_52	split	M8
Polyommatus_atlantica	SUPER_128	split	M8
Polyommatus_atlantica	SUPER_50	split	M8
Polyommatus_atlantica	SUPER_145	split	M8
Polyommatus_atlantica	SUPER_152	split	M8
Polyommatus_atlantica	SUPER_130	split	M18
Polyommatus_atlantica	SUPER_56	split	M18
Polyommatus_atlantica	SUPER_69	split	M18
Polyommatus_atlantica	SUPER_5	split	M18
Polyommatus_atlantica	SUPER_46	split	M18
Polyommatus_atlantica	SUPER_186	split	M18
Polyommatus_atlantica	SUPER_135	split	M18
Polyommatus_atlantica	SUPER_148	split	M18
Polyommatus_atlantica	SUPER_Z2	split	M16
Polyommatus_atlantica	SUPER_131	split	M23
Polyommatus_atlantica	SUPER_141	split	M23
Polyommatus_atlantica	SUPER_41	split	M23
Polyommatus_atlantica	SUPER_217	split	M23
Polyommatus_atlantica	SUPER_67	split	M23
Polyommatus_atlantica	SUPER_84	split	M23
Polyommatus_atlantica	SUPER_163	split	M6
Polyommatus_atlantica	SUPER_172	split	M6
Polyommatus_atlantica	SUPER_73	split	M6
Polyommatus_atlantica	SUPER_211	split	M6
Polyommatus_atlantica	SUPER_101	split	M6
Polyommatus_atlantica	SUPER_167	split	M6
Polyommatus_atlantica	SUPER_94	split	M6
Polyommatus_atlantica	SUPER_19	split	M6
Polyommatus_atlantica	SUPER_144	split	M6
Polyommatus_atlantica	SUPER_146	split	M6
Polyommatus_atlantica	SUPER_140	split	M6
Polyommatus_atlantica	SUPER_124	split	M4
Polyommatus_atlantica	SUPER_98	split	M4
Polyommatus_atlantica	SUPER_4	split	M4
Polyommatus_atlantica	SUPER_158	split	M4
Polyommatus_atlantica	SUPER_206	split	M4
Polyommatus_atlantica	SUPER_76	split	M4
Polyommatus_atlantica	SUPER_25	split	M4
Polyommatus_atlantica	SUPER_110	split	M4
Polyommatus_atlantica	SUPER_153	split	M4
Polyommatus_atlantica	SUPER_21	split	M11
Polyommatus_atlantica	SUPER_14	split	M11
Polyommatus_atlantica	SUPER_81	split	M11
Polyommatus_atlantica	SUPER_133	split	M11
Polyommatus_atlantica	SUPER_104	split	M11
Polyommatus_atlantica	SUPER_122	split	M11
Polyommatus_atlantica	SUPER_137	split	M11
Polyommatus_atlantica	SUPER_120	split	M7
Polyommatus_atlantica	SUPER_22	split	M7
Polyommatus_atlantica	SUPER_197	split	M7
Polyommatus_atlantica	SUPER_89	split	M7
Polyommatus_atlantica	SUPER_80	split	M7
Polyommatus_atlantica	SUPER_226	split	M7
Polyommatus_atlantica	SUPER_157	split	M7
Polyommatus_atlantica	SUPER_204	split	M7
Polyommatus_atlantica	SUPER_78	split	M7
Polyommatus_atlantica	SUPER_118	split	M7
Polyommatus_atlantica	SUPER_179	split	M7
Polyommatus_atlantica	SUPER_165	split	M7
Polyommatus_atlantica	SUPER_47	split	M14
Polyommatus_atlantica	SUPER_109	split	M14
Polyommatus_atlantica	SUPER_164	split	M14
Polyommatus_atlantica	SUPER_132	split	M14
Polyommatus_atlantica	SUPER_187	split	M14
Polyommatus_atlantica	SUPER_224	split	M14
Polyommatus_atlantica	SUPER_173	split	M14
Polyommatus_atlantica	SUPER_189	split	M14
Polyommatus_atlantica	SUPER_57	split	M21
Polyommatus_atlantica	SUPER_175	split	M21
Polyommatus_atlantica	SUPER_72	split	M21
Polyommatus_atlantica	SUPER_221	split	M21
Polyommatus_atlantica	SUPER_9	split	M21
Polyommatus_atlantica	SUPER_184	split	M21
Polyommatus_atlantica	SUPER_43	split	M21
Polyommatus_atlantica	SUPER_136	split	M15
Polyommatus_atlantica	SUPER_39	split	M15
Polyommatus_atlantica	SUPER_185	split	M15
Polyommatus_atlantica	SUPER_60	split	M15
Polyommatus_atlantica	SUPER_195	split	M15
Polyommatus_atlantica	SUPER_18	split	M15
Polyommatus_atlantica	SUPER_102	split	M15
Polyommatus_atlantica	SUPER_88	split	M15
Polyommatus_atlantica	SUPER_193	split	M15
Polyommatus_atlantica	SUPER_59	split	M9
Polyommatus_atlantica	SUPER_200	split	M9
Polyommatus_atlantica	SUPER_218	split	M9
Polyommatus_atlantica	SUPER_61	split	M9
Polyommatus_atlantica	SUPER_123	split	M9
Polyommatus_atlantica	SUPER_192	split	M9
Polyommatus_atlantica	SUPER_162	split	M9
Polyommatus_atlantica	SUPER_225	split	M9
Polyommatus_atlantica	SUPER_45	split	M9
Polyommatus_atlantica	SUPER_180	split	M9
Polyommatus_atlantica	SUPER_174	split	M9
Polyommatus_atlantica	SUPER_216	split	M9
Polyommatus_atlantica	SUPER_1	split	M20
Polyommatus_atlantica	SUPER_91	split	M20
Polyommatus_atlantica	SUPER_161	split	M20
Polyommatus_atlantica	SUPER_48	split	M27
Polyommatus_atlantica	SUPER_11	split	M27
Polyommatus_atlantica	SUPER_149	split	M27
Polyommatus_atlantica	SUPER_103	split	M26
Polyommatus_atlantica	SUPER_83	split	M26
Polyommatus_atlantica	SUPER_139	split	M26
Polyommatus_atlantica	SUPER_54	split	M26
Polyommatus_atlantica	SUPER_171	split	M26
Polyommatus_atlantica	SUPER_77	split	M29
Polyommatus_atlantica	SUPER_86	split	M29
Polyommatus_atlantica	SUPER_105	split	M29
Polyommatus_atlantica	SUPER_42	split	M31
Polyommatus_atlantica	SUPER_168	split	M31
Polyommatus_atlantica	SUPER_33	split	M31
Polyommatus_atlantica	SUPER_51	split	M30
Polyommatus_atlantica	SUPER_62	split	M30
Polyommatus_celina	query_chr	status	assigned_ref_chr
Polyommatus_celina	SUPER_20	fusion	M28,M31
Polyommatus_celina	SUPER_Z	fusion	M24,MZ
Polyommatus_celina	SUPER_4	fusion	M25,M3,M5
Polyommatus_celina	SUPER_1	fusion	M1,M19
Polyommatus_celina	SUPER_9	fusion	M2,M9
Polyommatus_celina	SUPER_5	fusion	M12,M29
Polyommatus_celina	SUPER_8	fusion	M17,M20
Polyommatus_celina	SUPER_2	fusion	M18,M30
Polyommatus_celina	SUPER_3	fusion	M11,M23
Polyommatus_celina	SUPER_7	fusion	M14,M26
Polyommatus_celina	SUPER_W	split	M24
Polyommatus_celina	SUPER_11	split	M3
Polyommatus_celina	SUPER_18	ancestral	M10
Polyommatus_celina	SUPER_12	split	M9
Polyommatus_celina	SUPER_21	ancestral	M13
Polyommatus_celina	SUPER_19	ancestral	M22
Polyommatus_celina	SUPER_6	ancestral	M8
Polyommatus_celina	SUPER_16	ancestral	M16
Polyommatus_celina	SUPER_13	ancestral	M6
Polyommatus_celina	SUPER_17	ancestral	M15
Polyommatus_celina	SUPER_14	ancestral	M4
Polyommatus_celina	SUPER_10	ancestral	M7
Polyommatus_celina	SUPER_15	ancestral	M21
Polyommatus_celina	SUPER_22	ancestral	M27
Polyommatus_damocles	query_chr	status	assigned_ref_chr
Polyommatus_damocles	SUPER_1	fusion	M10,M13,M14,M17,M26,M27,M28,M3,M6,M7,M9
Polyommatus_damocles	SUPER_Z	fusion	M24,M5,MZ
Polyommatus_damocles	SUPER_7	fusion	M11,M3,M8
Polyommatus_damocles	SUPER_17	fusion	M21,M5
Polyommatus_damocles	SUPER_5	fusion	M1,M19
Polyommatus_damocles	SUPER_15	fusion	M25,M4,M5
Polyommatus_damocles	SUPER_3	fusion	M10,M13,M16,M21,M22,M8,M9
Polyommatus_damocles	SUPER_13	fusion	M2,M29
Polyommatus_damocles	SUPER_19	fusion	M12,M17
Polyommatus_damocles	SUPER_16	fusion	M10,M12
Polyommatus_damocles	SUPER_6	fusion	M15,M26,M5,M7
Polyommatus_damocles	SUPER_14	fusion	M17,M21,M6
Polyommatus_damocles	SUPER_4	fusion	M11,M16,M18,M22,M23
Polyommatus_damocles	SUPER_10	fusion	M12,M14,M20,M29,M3
Polyommatus_damocles	SUPER_2	fusion	M15,M18,M2,M20,M23,M3,M4
Polyommatus_damocles	SUPER_8	fusion	M16,M21,M6
Polyommatus_damocles	SUPER_18	fusion	M10,M4
Polyommatus_damocles	SUPER_9	fusion	M18,M20,M30
Polyommatus_damocles	SUPER_23	fusion	M25,M5,M9
Polyommatus_damocles	SUPER_12	fusion	M2,M8,M9
Polyommatus_damocles	SUPER_21	fusion	M27,M28
Polyommatus_damocles	SUPER_11	fusion	M13,M14,M26,M8
Polyommatus_damocles	SUPER_20	split	M7
Polyommatus_damocles	SUPER_W	split	M24
Polyommatus_damocles	SUPER_22	split	M4
Polyommatus_damocles	SUPER_24	ancestral	M31
Polyommatus_damone	query_chr	status	assigned_ref_chr
Polyommatus_damone	SUPER_Z	fusion	M24,MZ
Polyommatus_damone	SUPER_1	fusion	M1,M19
Polyommatus_damone	SUPER_11	fusion	M25,M5
Polyommatus_damone	SUPER_3	fusion	M10,M14,M26,M9
Polyommatus_damone	SUPER_5	fusion	M17,M28
Polyommatus_damone	SUPER_47	fusion	M12,M29
Polyommatus_damone	SUPER_4	fusion	M21,M6
Polyommatus_damone	SUPER_2	fusion	M18,M20,M30
Polyommatus_damone	SUPER_65	fusion	M25,M5
Polyommatus_damone	SUPER_26	fusion	M2,M9
Polyommatus_damone	SUPER_53	fusion	M17,M20
Polyommatus_damone	SUPER_43	fusion	M14,M26
Polyommatus_damone	SUPER_18	fusion	M28,M31
Polyommatus_damone	SUPER_50	split	M28
Polyommatus_damone	SUPER_28	split	M3
Polyommatus_damone	SUPER_36	split	M3
Polyommatus_damone	SUPER_14	split	M3
Polyommatus_damone	SUPER_17	split	M5
Polyommatus_damone	SUPER_35	split	M5
Polyommatus_damone	SUPER_31	split	M10
Polyommatus_damone	SUPER_40	split	M10
Polyommatus_damone	SUPER_38	split	M2
Polyommatus_damone	SUPER_59	split	M2
Polyommatus_damone	SUPER_58	split	M2
Polyommatus_damone	SUPER_29	split	M14
Polyommatus_damone	SUPER_45	split	M9
Polyommatus_damone	SUPER_37	split	M9
Polyommatus_damone	SUPER_63	split	M9
Polyommatus_damone	SUPER_23	split	M26
Polyommatus_damone	SUPER_44	split	M12
Polyommatus_damone	SUPER_24	split	M12
Polyommatus_damone	SUPER_34	split	M17
Polyommatus_damone	SUPER_21	split	M13
Polyommatus_damone	SUPER_61	split	M13
Polyommatus_damone	SUPER_48	split	M13
Polyommatus_damone	SUPER_42	split	M29
Polyommatus_damone	SUPER_7	split	M22
Polyommatus_damone	SUPER_12	split	M22
Polyommatus_damone	SUPER_22	split	M8
Polyommatus_damone	SUPER_32	split	M8
Polyommatus_damone	SUPER_51	split	M8
Polyommatus_damone	SUPER_49	split	M8
Polyommatus_damone	SUPER_13	split	M18
Polyommatus_damone	SUPER_19	split	M18
Polyommatus_damone	SUPER_30	split	M16
Polyommatus_damone	SUPER_16	split	M16
Polyommatus_damone	SUPER_57	split	M16
Polyommatus_damone	SUPER_39	split	M23
Polyommatus_damone	SUPER_54	split	M23
Polyommatus_damone	SUPER_56	split	M21
Polyommatus_damone	SUPER_27	split	M21
Polyommatus_damone	SUPER_66	split	M21
Polyommatus_damone	SUPER_62	split	M6
Polyommatus_damone	SUPER_6	split	M6
Polyommatus_damone	SUPER_8	split	M15
Polyommatus_damone	SUPER_64	split	M15
Polyommatus_damone	SUPER_52	split	M15
Polyommatus_damone	SUPER_55	split	M4
Polyommatus_damone	SUPER_41	split	M4
Polyommatus_damone	SUPER_9	split	M4
Polyommatus_damone	SUPER_20	split	M11
Polyommatus_damone	SUPER_25	split	M11
Polyommatus_damone	SUPER_15	split	M7
Polyommatus_damone	SUPER_10	split	M7
Polyommatus_damone	SUPER_60	split	M7
Polyommatus_damone	SUPER_46	split	M27
Polyommatus_damone	SUPER_33	split	M27
Polyommatus_damon	query_chr	status	assigned_ref_chr
Polyommatus_damon	SUPER_Z	fusion	M24,MZ
Polyommatus_damon	SUPER_3	fusion	M1,M19
Polyommatus_damon	SUPER_32	fusion	M25,M3,M5
Polyommatus_damon	SUPER_7	fusion	M2,M9
Polyommatus_damon	SUPER_11	fusion	M17,M20
Polyommatus_damon	SUPER_23	fusion	M18,M30
Polyommatus_damon	SUPER_5	fusion	M11,M23
Polyommatus_damon	SUPER_6	fusion	M14,M26
Polyommatus_damon	SUPER_43	fusion	M25,M5
Polyommatus_damon	SUPER_20	fusion	M28,M31
Polyommatus_damon	SUPER_39	split	M28
Polyommatus_damon	SUPER_9	split	M3
Polyommatus_damon	SUPER_38	split	M3
Polyommatus_damon	SUPER_18	split	M5
Polyommatus_damon	SUPER_8	split	M1
Polyommatus_damon	SUPER_30	split	M10
Polyommatus_damon	SUPER_22	split	M10
Polyommatus_damon	SUPER_41	split	M2
Polyommatus_damon	SUPER_13	split	M9
Polyommatus_damon	SUPER_27	split	M9
Polyommatus_damon	SUPER_2	ancestral	M12
Polyommatus_damon	SUPER_4	ancestral	M13
Polyommatus_damon	SUPER_24	split	M20
Polyommatus_damon	SUPER_25	split	M22
Polyommatus_damon	SUPER_33	split	M22
Polyommatus_damon	SUPER_42	split	M8
Polyommatus_damon	SUPER_15	split	M8
Polyommatus_damon	SUPER_44	split	M8
Polyommatus_damon	SUPER_36	split	M30
Polyommatus_damon	SUPER_29	split	M18
Polyommatus_damon	SUPER_35	split	M16
Polyommatus_damon	SUPER_17	split	M16
Polyommatus_damon	SUPER_16	split	M23
Polyommatus_damon	SUPER_14	split	M6
Polyommatus_damon	SUPER_31	split	M6
Polyommatus_damon	SUPER_19	split	M15
Polyommatus_damon	SUPER_37	split	M15
Polyommatus_damon	SUPER_1	ancestral	M4
Polyommatus_damon	SUPER_26	split	M26
Polyommatus_damon	SUPER_28	split	M7
Polyommatus_damon	SUPER_12	split	M7
Polyommatus_damon	SUPER_34	split	M21
Polyommatus_damon	SUPER_21	split	M21
Polyommatus_damon	SUPER_10	ancestral	M27
Polyommatus_damon	SUPER_40	ancestral	M29
Polyommatus_daphnis	query_chr	status	assigned_ref_chr
Polyommatus_daphnis	SUPER_21	fusion	M28,M31
Polyommatus_daphnis	SUPER_3	fusion	M25,M3,M5
Polyommatus_daphnis	SUPER_1	fusion	M1,M19
Polyommatus_daphnis	SUPER_5	fusion	M12,M29
Polyommatus_daphnis	SUPER_7	fusion	M17,M20
Polyommatus_daphnis	SUPER_2	fusion	M18,M30
Polyommatus_daphnis	SUPER_4	fusion	M11,M23
Polyommatus_daphnis	SUPER_6	fusion	M14,M26
Polyommatus_daphnis	SUPER_Z	ancestral	MZ
Polyommatus_daphnis	SUPER_12	split	M3
Polyommatus_daphnis	SUPER_19	ancestral	M10
Polyommatus_daphnis	SUPER_10	ancestral	M2
Polyommatus_daphnis	SUPER_20	ancestral	M13
Polyommatus_daphnis	SUPER_14	ancestral	M22
Polyommatus_daphnis	SUPER_8	ancestral	M8
Polyommatus_daphnis	SUPER_17	ancestral	M16
Polyommatus_daphnis	SUPER_13	ancestral	M6
Polyommatus_daphnis	SUPER_16	ancestral	M15
Polyommatus_daphnis	SUPER_15	ancestral	M4
Polyommatus_daphnis	SUPER_11	ancestral	M7
Polyommatus_daphnis	SUPER_18	ancestral	M21
Polyommatus_daphnis	SUPER_9	ancestral	M9
Polyommatus_daphnis	SUPER_23	ancestral	M24
Polyommatus_daphnis	SUPER_22	ancestral	M27
Polyommatus_dorylas	query_chr	status	assigned_ref_chr
Polyommatus_dorylas	SUPER_Z	fusion	M13,M24,MZ
Polyommatus_dorylas	SUPER_44	fusion	M25,M5
Polyommatus_dorylas	SUPER_13	fusion	M22,M28
Polyommatus_dorylas	SUPER_54	fusion	M25,M5
Polyommatus_dorylas	SUPER_66	fusion	M28,M31
Polyommatus_dorylas	SUPER_115	fusion	M17,M20
Polyommatus_dorylas	SUPER_78	fusion	M2,M9
Polyommatus_dorylas	SUPER_24	fusion	M14,M26
Polyommatus_dorylas	SUPER_12	fusion	M14,M26
Polyommatus_dorylas	SUPER_138	fusion	M18,M30
Polyommatus_dorylas	SUPER_92	fusion	M25,M5
Polyommatus_dorylas	SUPER_47	split	M28
Polyommatus_dorylas	SUPER_106	split	M28
Polyommatus_dorylas	SUPER_127	split	M28
Polyommatus_dorylas	SUPER_46	split	M13
Polyommatus_dorylas	SUPER_45	split	M13
Polyommatus_dorylas	SUPER_4	split	M13
Polyommatus_dorylas	SUPER_147	split	M13
Polyommatus_dorylas	SUPER_58	split	M13
Polyommatus_dorylas	SUPER_65	split	M3
Polyommatus_dorylas	SUPER_79	split	M3
Polyommatus_dorylas	SUPER_17	split	M3
Polyommatus_dorylas	SUPER_43	split	M3
Polyommatus_dorylas	SUPER_110	split	M3
Polyommatus_dorylas	SUPER_139	split	M3
Polyommatus_dorylas	SUPER_88	split	M3
Polyommatus_dorylas	SUPER_28	split	M5
Polyommatus_dorylas	SUPER_48	split	M5
Polyommatus_dorylas	SUPER_18	split	M5
Polyommatus_dorylas	SUPER_56	split	M5
Polyommatus_dorylas	SUPER_112	split	M19
Polyommatus_dorylas	SUPER_85	split	M19
Polyommatus_dorylas	SUPER_102	split	M19
Polyommatus_dorylas	SUPER_80	split	M19
Polyommatus_dorylas	SUPER_97	split	M19
Polyommatus_dorylas	SUPER_111	split	M25
Polyommatus_dorylas	SUPER_8	split	M10
Polyommatus_dorylas	SUPER_14	split	M10
Polyommatus_dorylas	SUPER_116	split	M10
Polyommatus_dorylas	SUPER_140	split	M10
Polyommatus_dorylas	SUPER_19	split	M10
Polyommatus_dorylas	SUPER_121	split	M10
Polyommatus_dorylas	SUPER_35	split	M2
Polyommatus_dorylas	SUPER_114	split	M2
Polyommatus_dorylas	SUPER_82	split	M2
Polyommatus_dorylas	SUPER_100	split	M2
Polyommatus_dorylas	SUPER_94	split	M2
Polyommatus_dorylas	SUPER_132	split	M2
Polyommatus_dorylas	SUPER_99	split	M2
Polyommatus_dorylas	SUPER_50	split	M12
Polyommatus_dorylas	SUPER_76	split	M12
Polyommatus_dorylas	SUPER_144	split	M12
Polyommatus_dorylas	SUPER_37	split	M12
Polyommatus_dorylas	SUPER_40	split	M12
Polyommatus_dorylas	SUPER_62	split	M12
Polyommatus_dorylas	SUPER_39	split	M1
Polyommatus_dorylas	SUPER_133	split	M1
Polyommatus_dorylas	SUPER_75	split	M1
Polyommatus_dorylas	SUPER_96	split	M1
Polyommatus_dorylas	SUPER_11	split	M1
Polyommatus_dorylas	SUPER_103	split	M1
Polyommatus_dorylas	SUPER_73	split	M22
Polyommatus_dorylas	SUPER_55	split	M22
Polyommatus_dorylas	SUPER_124	split	M22
Polyommatus_dorylas	SUPER_146	split	M22
Polyommatus_dorylas	SUPER_83	split	M22
Polyommatus_dorylas	SUPER_105	split	M22
Polyommatus_dorylas	SUPER_95	split	M17
Polyommatus_dorylas	SUPER_21	split	M17
Polyommatus_dorylas	SUPER_120	split	M17
Polyommatus_dorylas	SUPER_60	split	M17
Polyommatus_dorylas	SUPER_29	split	M8
Polyommatus_dorylas	SUPER_7	split	M8
Polyommatus_dorylas	SUPER_74	split	M8
Polyommatus_dorylas	SUPER_149	split	M8
Polyommatus_dorylas	SUPER_2	split	M8
Polyommatus_dorylas	SUPER_89	split	M8
Polyommatus_dorylas	SUPER_51	split	M8
Polyommatus_dorylas	SUPER_67	split	M18
Polyommatus_dorylas	SUPER_27	split	M18
Polyommatus_dorylas	SUPER_30	split	M18
Polyommatus_dorylas	SUPER_107	split	M18
Polyommatus_dorylas	SUPER_69	split	M18
Polyommatus_dorylas	SUPER_1	ancestral	M16
Polyommatus_dorylas	SUPER_77	split	M23
Polyommatus_dorylas	SUPER_109	split	M23
Polyommatus_dorylas	SUPER_90	split	M23
Polyommatus_dorylas	SUPER_52	split	M23
Polyommatus_dorylas	SUPER_87	split	M6
Polyommatus_dorylas	SUPER_42	split	M6
Polyommatus_dorylas	SUPER_23	split	M6
Polyommatus_dorylas	SUPER_6	split	M6
Polyommatus_dorylas	SUPER_126	split	M6
Polyommatus_dorylas	SUPER_141	split	M6
Polyommatus_dorylas	SUPER_63	split	M15
Polyommatus_dorylas	SUPER_5	split	M15
Polyommatus_dorylas	SUPER_70	split	M15
Polyommatus_dorylas	SUPER_22	split	M15
Polyommatus_dorylas	SUPER_101	split	M15
Polyommatus_dorylas	SUPER_9	split	M4
Polyommatus_dorylas	SUPER_20	split	M4
Polyommatus_dorylas	SUPER_137	split	M4
Polyommatus_dorylas	SUPER_81	split	M4
Polyommatus_dorylas	SUPER_108	split	M4
Polyommatus_dorylas	SUPER_104	split	M4
Polyommatus_dorylas	SUPER_41	split	M11
Polyommatus_dorylas	SUPER_26	split	M11
Polyommatus_dorylas	SUPER_33	split	M11
Polyommatus_dorylas	SUPER_49	split	M11
Polyommatus_dorylas	SUPER_25	split	M7
Polyommatus_dorylas	SUPER_10	split	M7
Polyommatus_dorylas	SUPER_64	split	M7
Polyommatus_dorylas	SUPER_119	split	M7
Polyommatus_dorylas	SUPER_59	split	M7
Polyommatus_dorylas	SUPER_38	split	M7
Polyommatus_dorylas	SUPER_91	split	M14
Polyommatus_dorylas	SUPER_129	split	M14
Polyommatus_dorylas	SUPER_72	split	M14
Polyommatus_dorylas	SUPER_130	split	M14
Polyommatus_dorylas	SUPER_57	split	M21
Polyommatus_dorylas	SUPER_145	split	M21
Polyommatus_dorylas	SUPER_128	split	M21
Polyommatus_dorylas	SUPER_61	split	M21
Polyommatus_dorylas	SUPER_113	split	M21
Polyommatus_dorylas	SUPER_148	split	M21
Polyommatus_dorylas	SUPER_142	split	M21
Polyommatus_dorylas	SUPER_117	split	M21
Polyommatus_dorylas	SUPER_123	split	M9
Polyommatus_dorylas	SUPER_34	split	M9
Polyommatus_dorylas	SUPER_53	split	M9
Polyommatus_dorylas	SUPER_93	split	M9
Polyommatus_dorylas	SUPER_31	split	M9
Polyommatus_dorylas	SUPER_68	split	M9
Polyommatus_dorylas	SUPER_125	split	M9
Polyommatus_dorylas	SUPER_143	split	M31
Polyommatus_dorylas	SUPER_134	split	M31
Polyommatus_dorylas	SUPER_118	split	M31
Polyommatus_dorylas	SUPER_32	split	M20
Polyommatus_dorylas	SUPER_98	split	M20
Polyommatus_dorylas	SUPER_136	split	M20
Polyommatus_dorylas	SUPER_135	split	M27
Polyommatus_dorylas	SUPER_15	split	M27
Polyommatus_dorylas	SUPER_3	split	M27
Polyommatus_dorylas	SUPER_131	split	M29
Polyommatus_dorylas	SUPER_16	split	M29
Polyommatus_dorylas	SUPER_71	split	M26
Polyommatus_dorylas	SUPER_86	split	M26
Polyommatus_dorylas	SUPER_36	split	M30
Polyommatus_dorylas	SUPER_122	split	M30
Polyommatus_dorylas	SUPER_84	split	M30
Polyommatus_eriwanensis	query_chr	status	assigned_ref_chr
Polyommatus_eriwanensis	SUPER_5	fusion	M10,M21,M28,M9
Polyommatus_eriwanensis	SUPER_Z	fusion	M24,MZ
Polyommatus_eriwanensis	SUPER_6	fusion	M12,M29,M3,M7
Polyommatus_eriwanensis	SUPER_10	fusion	M16,M20,M23,M5
Polyommatus_eriwanensis	SUPER_3	fusion	M1,M19
Polyommatus_eriwanensis	SUPER_9	fusion	M16,M25,M31,M5
Polyommatus_eriwanensis	SUPER_1	fusion	M10,M11,M12,M17,M20,M22,M26,M29,M3,M9
Polyommatus_eriwanensis	SUPER_11	fusion	M12,M2,M20,M29,M4,M6
Polyommatus_eriwanensis	SUPER_13	fusion	M17,M25,M28,M4,M5,M6
Polyommatus_eriwanensis	SUPER_15	fusion	M13,M18,M5
Polyommatus_eriwanensis	SUPER_8	fusion	M17,M2,M22,M27
Polyommatus_eriwanensis	SUPER_21	fusion	M14,M22,M26,M28,M31
Polyommatus_eriwanensis	SUPER_7	fusion	M21,M3,M8,M9
Polyommatus_eriwanensis	SUPER_24	fusion	M13,M18,M8
Polyommatus_eriwanensis	SUPER_4	fusion	M10,M26,M6,M8
Polyommatus_eriwanensis	SUPER_20	fusion	M21,M6,M8
Polyommatus_eriwanensis	SUPER_17	fusion	M14,M16
Polyommatus_eriwanensis	SUPER_2	fusion	M15,M23,M27,M4,M7
Polyommatus_eriwanensis	SUPER_14	fusion	M15,M30,M4
Polyommatus_eriwanensis	SUPER_29	fusion	M2,M25
Polyommatus_eriwanensis	SUPER_16	fusion	M11,M2,M9
Polyommatus_eriwanensis	SUPER_19	fusion	M2,M3
Polyommatus_eriwanensis	SUPER_28	fusion	M18,M21,M30
Polyommatus_eriwanensis	SUPER_31	fusion	M18,M2,M22
Polyommatus_eriwanensis	SUPER_12	fusion	M12,M4
Polyommatus_eriwanensis	SUPER_22	fusion	M13,M5,M8
Polyommatus_eriwanensis	SUPER_27	fusion	M10,M30
Polyommatus_eriwanensis	SUPER_23	fusion	M13,M15
Polyommatus_eriwanensis	SUPER_25	fusion	M14,M21,M26,M3,M9
Polyommatus_eriwanensis	SUPER_32	fusion	M14,M26
Polyommatus_eriwanensis	SUPER_18	split	M7
Polyommatus_eriwanensis	SUPER_30	split	M22
Polyommatus_eriwanensis	SUPER_26	split	M6
Polyommatus_eros	query_chr	status	assigned_ref_chr
Polyommatus_eros	SUPER_21	fusion	M28,M31
Polyommatus_eros	SUPER_Z	fusion	M24,MZ
Polyommatus_eros	SUPER_5	fusion	M25,M3,M5
Polyommatus_eros	SUPER_1	fusion	M1,M19
Polyommatus_eros	SUPER_9	fusion	M2,M9
Polyommatus_eros	SUPER_4	fusion	M12,M29
Polyommatus_eros	SUPER_8	fusion	M17,M20
Polyommatus_eros	SUPER_2	fusion	M18,M30
Polyommatus_eros	SUPER_3	fusion	M11,M23
Polyommatus_eros	SUPER_7	fusion	M14,M26
Polyommatus_eros	SUPER_10	split	M3
Polyommatus_eros	SUPER_18	ancestral	M10
Polyommatus_eros	SUPER_12	split	M9
Polyommatus_eros	SUPER_20	ancestral	M13
Polyommatus_eros	SUPER_17	ancestral	M22
Polyommatus_eros	SUPER_6	ancestral	M8
Polyommatus_eros	SUPER_15	ancestral	M16
Polyommatus_eros	SUPER_13	ancestral	M6
Polyommatus_eros	SUPER_19	ancestral	M15
Polyommatus_eros	SUPER_14	ancestral	M4
Polyommatus_eros	SUPER_11	ancestral	M7
Polyommatus_eros	SUPER_16	ancestral	M21
Polyommatus_eros	SUPER_22	ancestral	M27
Polyommatus_escheri	query_chr	status	assigned_ref_chr
Polyommatus_escheri	SUPER_20	fusion	M28,M31
Polyommatus_escheri	SUPER_5	fusion	M25,M3,M5
Polyommatus_escheri	SUPER_2	fusion	M1,M19
Polyommatus_escheri	SUPER_9	fusion	M2,M9
Polyommatus_escheri	SUPER_6	fusion	M12,M29
Polyommatus_escheri	SUPER_8	fusion	M17,M20
Polyommatus_escheri	SUPER_1	fusion	M14,M22,M26
Polyommatus_escheri	SUPER_3	fusion	M18,M30
Polyommatus_escheri	SUPER_4	fusion	M11,M23
Polyommatus_escheri	SUPER_Z	ancestral	MZ
Polyommatus_escheri	SUPER_11	split	M3
Polyommatus_escheri	SUPER_16	ancestral	M10
Polyommatus_escheri	SUPER_12	split	M9
Polyommatus_escheri	SUPER_19	ancestral	M13
Polyommatus_escheri	SUPER_7	ancestral	M8
Polyommatus_escheri	SUPER_18	ancestral	M16
Polyommatus_escheri	SUPER_13	ancestral	M6
Polyommatus_escheri	SUPER_15	ancestral	M15
Polyommatus_escheri	SUPER_14	ancestral	M4
Polyommatus_escheri	SUPER_10	ancestral	M7
Polyommatus_escheri	SUPER_17	ancestral	M21
Polyommatus_escheri	SUPER_21	ancestral	M24
Polyommatus_escheri	SUPER_22	ancestral	M27
Polyommatus_fulgens	query_chr	status	assigned_ref_chr
Polyommatus_fulgens	SUPER_Z	fusion	M24,MZ
Polyommatus_fulgens	SUPER_47	fusion	M25,M5
Polyommatus_fulgens	SUPER_50	fusion	M12,M2
Polyommatus_fulgens	SUPER_1	fusion	M17,M25,M28,M4,M5,M6
Polyommatus_fulgens	SUPER_18	fusion	M3,M8
Polyommatus_fulgens	SUPER_22	fusion	M13,M8
Polyommatus_fulgens	SUPER_32	fusion	M21,M8
Polyommatus_fulgens	SUPER_89	fusion	M15,M23
Polyommatus_fulgens	SUPER_8	fusion	M11,M22
Polyommatus_fulgens	SUPER_23	fusion	M14,M16
Polyommatus_fulgens	SUPER_2	fusion	M15,M4,M7
Polyommatus_fulgens	SUPER_9	fusion	M18,M30
Polyommatus_fulgens	SUPER_49	fusion	M5,M7
Polyommatus_fulgens	SUPER_66	fusion	M10,M28
Polyommatus_fulgens	SUPER_7	fusion	M12,M4
Polyommatus_fulgens	SUPER_4	fusion	M13,M2,M9
Polyommatus_fulgens	SUPER_91	fusion	M6,M8
Polyommatus_fulgens	SUPER_46	fusion	M18,M21
Polyommatus_fulgens	SUPER_35	fusion	M15,M27
Polyommatus_fulgens	SUPER_103	fusion	M12,M29
Polyommatus_fulgens	SUPER_29	fusion	M3,M7
Polyommatus_fulgens	SUPER_42	fusion	M3,M9
Polyommatus_fulgens	SUPER_3	fusion	M17,M27
Polyommatus_fulgens	SUPER_61	fusion	M20,M4
Polyommatus_fulgens	SUPER_51	fusion	M13,M15
Polyommatus_fulgens	SUPER_100	fusion	M17,M20,M8
Polyommatus_fulgens	SUPER_17	fusion	M21,M3
Polyommatus_fulgens	SUPER_71	fusion	M20,M5
Polyommatus_fulgens	SUPER_63	fusion	M26,M3
Polyommatus_fulgens	SUPER_68	fusion	M14,M26
Polyommatus_fulgens	SUPER_81	fusion	M21,M26
Polyommatus_fulgens	SUPER_43	fusion	M11,M9
Polyommatus_fulgens	SUPER_28	fusion	M14,M26
Polyommatus_fulgens	SUPER_98	fusion	M21,M8
Polyommatus_fulgens	SUPER_48	fusion	M14,M28,M31
Polyommatus_fulgens	SUPER_44	fusion	M29,M6
Polyommatus_fulgens	SUPER_107	fusion	M13,M5
Polyommatus_fulgens	SUPER_24	fusion	M14,M9
Polyommatus_fulgens	SUPER_105	fusion	M2,M25
Polyommatus_fulgens	SUPER_69	split	M28
Polyommatus_fulgens	SUPER_93	split	M3
Polyommatus_fulgens	SUPER_90	split	M3
Polyommatus_fulgens	SUPER_92	split	M3
Polyommatus_fulgens	SUPER_83	split	M3
Polyommatus_fulgens	SUPER_30	split	M5
Polyommatus_fulgens	SUPER_95	split	M5
Polyommatus_fulgens	SUPER_78	split	M5
Polyommatus_fulgens	SUPER_97	split	M5
Polyommatus_fulgens	SUPER_13	split	M19
Polyommatus_fulgens	SUPER_16	split	M19
Polyommatus_fulgens	SUPER_38	split	M25
Polyommatus_fulgens	SUPER_59	split	M10
Polyommatus_fulgens	SUPER_15	split	M10
Polyommatus_fulgens	SUPER_10	split	M10
Polyommatus_fulgens	SUPER_70	split	M10
Polyommatus_fulgens	SUPER_39	split	M2
Polyommatus_fulgens	SUPER_99	split	M2
Polyommatus_fulgens	SUPER_75	split	M2
Polyommatus_fulgens	SUPER_94	split	M2
Polyommatus_fulgens	SUPER_14	split	M12
Polyommatus_fulgens	SUPER_88	split	M12
Polyommatus_fulgens	SUPER_5	split	M1
Polyommatus_fulgens	SUPER_6	split	M1
Polyommatus_fulgens	SUPER_86	split	M6
Polyommatus_fulgens	SUPER_102	split	M6
Polyommatus_fulgens	SUPER_87	split	M6
Polyommatus_fulgens	SUPER_19	split	M17
Polyommatus_fulgens	SUPER_96	split	M4
Polyommatus_fulgens	SUPER_40	split	M4
Polyommatus_fulgens	SUPER_65	split	M4
Polyommatus_fulgens	SUPER_21	split	M4
Polyommatus_fulgens	SUPER_58	split	M13
Polyommatus_fulgens	SUPER_101	split	M13
Polyommatus_fulgens	SUPER_79	split	M13
Polyommatus_fulgens	SUPER_73	split	M22
Polyommatus_fulgens	SUPER_106	split	M22
Polyommatus_fulgens	SUPER_54	split	M22
Polyommatus_fulgens	SUPER_26	split	M22
Polyommatus_fulgens	SUPER_33	split	M8
Polyommatus_fulgens	SUPER_41	split	M8
Polyommatus_fulgens	SUPER_85	split	M8
Polyommatus_fulgens	SUPER_11	split	M18
Polyommatus_fulgens	SUPER_77	split	M18
Polyommatus_fulgens	SUPER_84	split	M18
Polyommatus_fulgens	SUPER_80	split	M18
Polyommatus_fulgens	SUPER_82	split	M21
Polyommatus_fulgens	SUPER_62	split	M21
Polyommatus_fulgens	SUPER_57	split	M16
Polyommatus_fulgens	SUPER_12	split	M16
Polyommatus_fulgens	SUPER_36	split	M16
Polyommatus_fulgens	SUPER_27	split	M23
Polyommatus_fulgens	SUPER_60	split	M23
Polyommatus_fulgens	SUPER_74	split	M15
Polyommatus_fulgens	SUPER_67	split	M15
Polyommatus_fulgens	SUPER_76	split	M15
Polyommatus_fulgens	SUPER_56	split	M11
Polyommatus_fulgens	SUPER_53	split	M11
Polyommatus_fulgens	SUPER_31	split	M14
Polyommatus_fulgens	SUPER_52	split	M7
Polyommatus_fulgens	SUPER_108	split	M7
Polyommatus_fulgens	SUPER_25	split	M30
Polyommatus_fulgens	SUPER_20	split	M9
Polyommatus_fulgens	SUPER_34	split	M9
Polyommatus_fulgens	SUPER_37	split	M20
Polyommatus_fulgens	SUPER_55	split	M27
Polyommatus_fulgens	SUPER_64	split	M29
Polyommatus_fulgens	SUPER_45	split	M26
Polyommatus_fulgens	SUPER_72	split	M31
Polyommatus_fulgens	SUPER_104	split	M31
Polyommatus_icarus	query_chr	status	assigned_ref_chr
Polyommatus_icarus	OW569341.1	fusion	M28,M31
Polyommatus_icarus	OW569320.1	fusion	M24,MZ
Polyommatus_icarus	OW569324.1	fusion	M25,M3,M5
Polyommatus_icarus	OW569321.1	fusion	M1,M19
Polyommatus_icarus	OW569329.1	fusion	M2,M9
Polyommatus_icarus	OW569325.1	fusion	M12,M29
Polyommatus_icarus	OW569328.1	fusion	M17,M20
Polyommatus_icarus	OW569322.1	fusion	M18,M30
Polyommatus_icarus	OW569323.1	fusion	M11,M23
Polyommatus_icarus	OW569327.1	fusion	M14,M26
Polyommatus_icarus	OW569332.1	split	M3
Polyommatus_icarus	OW569337.1	ancestral	M10
Polyommatus_icarus	OW569331.1	split	M9
Polyommatus_icarus	OW569340.1	ancestral	M13
Polyommatus_icarus	OW569339.1	ancestral	M22
Polyommatus_icarus	OW569326.1	ancestral	M8
Polyommatus_icarus	OW569334.1	ancestral	M16
Polyommatus_icarus	OW569333.1	ancestral	M6
Polyommatus_icarus	OW569338.1	ancestral	M15
Polyommatus_icarus	OW569336.1	ancestral	M4
Polyommatus_icarus	OW569330.1	ancestral	M7
Polyommatus_icarus	OW569335.1	ancestral	M21
Polyommatus_icarus	OW569342.1	ancestral	M27
Polyommatus_iphigenia	query_chr	status	assigned_ref_chr
Polyommatus_iphigenia	OY730179.1	fusion	M10,M18,M2,M27,M28,M4,M9
Polyommatus_iphigenia	OY730178.1	fusion	M13,M24,MZ
Polyommatus_iphigenia	OY730189.1	fusion	M1,M21,M3,M8
Polyommatus_iphigenia	OY730188.1	fusion	M13,M14,M18,M27,M30,M31,M5
Polyommatus_iphigenia	OY730190.1	fusion	M1,M19,M4,M7
Polyommatus_iphigenia	OY730187.1	fusion	M15,M20,M22,M25,M5,M8,M9
Polyommatus_iphigenia	OY730180.1	fusion	M10,M21,M3,M4,M6,M7,M8,M9
Polyommatus_iphigenia	OY730177.1	fusion	M10,M12,M14,M15,M2,M26,M27,M28,M29,M7
Polyommatus_iphigenia	OY730184.1	fusion	M12,M20,M21,M23,M27,M29,M6
Polyommatus_iphigenia	OY730182.1	fusion	M11,M16,M20,M22,M25,M28,M4,M5,M8
Polyommatus_iphigenia	OY730185.1	fusion	M13,M15,M16,M17,M2,M22,M5,M6
Polyommatus_iphigenia	OY730181.1	fusion	M11,M12,M17,M23,M28,M31,M7
Polyommatus_iphigenia	OY730183.1	fusion	M15,M26,M3,M4,M7,M8
Polyommatus_iphigenia	OY730186.1	fusion	M13,M14,M16,M18,M26,M6,M9
Polyommatus_pseudactis	query_chr	status	assigned_ref_chr
Polyommatus_pseudactis	SUPER_28	fusion	M28,M3,M9
Polyommatus_pseudactis	SUPER_Z	fusion	M13,M24,MZ
Polyommatus_pseudactis	SUPER_6	fusion	M11,M2,M3,M8,M9
Polyommatus_pseudactis	SUPER_7	fusion	M12,M18,M21,M5
Polyommatus_pseudactis	SUPER_23	fusion	M1,M19
Polyommatus_pseudactis	SUPER_14	fusion	M25,M5,M8
Polyommatus_pseudactis	SUPER_2	fusion	M10,M25,M4,M5,M9
Polyommatus_pseudactis	SUPER_5	fusion	M2,M20,M29,M30
Polyommatus_pseudactis	SUPER_4	fusion	M10,M14,M26,M6,M9
Polyommatus_pseudactis	SUPER_9	fusion	M12,M17,M21,M6
Polyommatus_pseudactis	SUPER_26	fusion	M13,M28,M7
Polyommatus_pseudactis	SUPER_16	fusion	M1,M16,M21
Polyommatus_pseudactis	SUPER_24	fusion	M13,M7
Polyommatus_pseudactis	SUPER_12	fusion	M11,M17,M23,M28
Polyommatus_pseudactis	SUPER_18	fusion	M12,M16,M20,M29
Polyommatus_pseudactis	SUPER_8	fusion	M15,M5,M7
Polyommatus_pseudactis	SUPER_11	fusion	M18,M22,M9
Polyommatus_pseudactis	SUPER_10	fusion	M14,M27,M3
Polyommatus_pseudactis	SUPER_19	fusion	M22,M8,M9
Polyommatus_pseudactis	SUPER_3	fusion	M11,M16,M19,M2
Polyommatus_pseudactis	SUPER_13	fusion	M15,M18,M30
Polyommatus_pseudactis	SUPER_1	fusion	M10,M15,M2,M26,M4
Polyommatus_pseudactis	SUPER_21	fusion	M23,M3
Polyommatus_pseudactis	SUPER_27	fusion	M10,M4
Polyommatus_pseudactis	SUPER_15	fusion	M13,M18,M8
Polyommatus_pseudactis	SUPER_22	fusion	M2,M20,M22,M7
Polyommatus_pseudactis	SUPER_25	fusion	M14,M26,M9
Polyommatus_pseudactis	SUPER_17	fusion	M21,M6
Polyommatus_pseudactis	SUPER_20	fusion	M27,M28,M31
Polyommatus_surakovi	query_chr	status	assigned_ref_chr
Polyommatus_surakovi	SUPER_38	fusion	M28,M4
Polyommatus_surakovi	SUPER_Z	fusion	M24,MZ
Polyommatus_surakovi	SUPER_10	fusion	M14,M3
Polyommatus_surakovi	SUPER_17	fusion	M12,M5
Polyommatus_surakovi	SUPER_47	fusion	M1,M19
Polyommatus_surakovi	SUPER_9	fusion	M12,M25,M4,M5
Polyommatus_surakovi	SUPER_14	fusion	M10,M27
Polyommatus_surakovi	SUPER_15	fusion	M16,M2
Polyommatus_surakovi	SUPER_31	fusion	M10,M4
Polyommatus_surakovi	SUPER_25	fusion	M12,M9
Polyommatus_surakovi	SUPER_18	fusion	M17,M28
Polyommatus_surakovi	SUPER_6	fusion	M13,M23
Polyommatus_surakovi	SUPER_13	fusion	M12,M29
Polyommatus_surakovi	SUPER_46	fusion	M21,M5
Polyommatus_surakovi	SUPER_7	fusion	M16,M17
Polyommatus_surakovi	SUPER_2	fusion	M2,M21,M3
Polyommatus_surakovi	SUPER_26	fusion	M11,M8
Polyommatus_surakovi	SUPER_39	fusion	M18,M8
Polyommatus_surakovi	SUPER_32	fusion	M7,M8
Polyommatus_surakovi	SUPER_22	fusion	M23,M26
Polyommatus_surakovi	SUPER_3	fusion	M2,M3,M6
Polyommatus_surakovi	SUPER_43	fusion	M11,M4
Polyommatus_surakovi	SUPER_48	fusion	M25,M6
Polyommatus_surakovi	SUPER_1	fusion	M11,M2,M8
Polyommatus_surakovi	SUPER_5	fusion	M15,M22,M26,M6
Polyommatus_surakovi	SUPER_29	fusion	M15,M21
Polyommatus_surakovi	SUPER_21	fusion	M14,M18,M26,M30
Polyommatus_surakovi	SUPER_12	fusion	M10,M18
Polyommatus_surakovi	SUPER_41	fusion	M28,M9
Polyommatus_surakovi	SUPER_16	fusion	M15,M17,M20,M25,M5
Polyommatus_surakovi	SUPER_30	fusion	M18,M22
Polyommatus_surakovi	SUPER_20	fusion	M2,M4
Polyommatus_surakovi	SUPER_27	fusion	M8,M9
Polyommatus_surakovi	SUPER_11	fusion	M10,M27,M28
Polyommatus_surakovi	SUPER_4	fusion	M20,M30
Polyommatus_surakovi	SUPER_24	fusion	M14,M26,M9
Polyommatus_surakovi	SUPER_36	split	M3
Polyommatus_surakovi	SUPER_28	split	M19
Polyommatus_surakovi	SUPER_40	split	M1
Polyommatus_surakovi	SUPER_34	split	M1
Polyommatus_surakovi	SUPER_35	split	M16
Polyommatus_surakovi	SUPER_49	split	M13
Polyommatus_surakovi	SUPER_45	split	M13
Polyommatus_surakovi	SUPER_19	split	M21
Polyommatus_surakovi	SUPER_8	split	M22
Polyommatus_surakovi	SUPER_37	split	M7
Polyommatus_surakovi	SUPER_33	split	M7
Polyommatus_surakovi	SUPER_42	split	M6
Polyommatus_surakovi	SUPER_23	split	M15
Polyommatus_surakovi	SUPER_44	ancestral	M31
Polyommatus_thersites	query_chr	status	assigned_ref_chr
Polyommatus_thersites	SUPER_19	fusion	M28,M31
Polyommatus_thersites	SUPER_4	fusion	M25,M3,M5
Polyommatus_thersites	SUPER_1	fusion	M1,M19
Polyommatus_thersites	SUPER_9	fusion	M2,M9
Polyommatus_thersites	SUPER_5	fusion	M12,M29
Polyommatus_thersites	SUPER_7	fusion	M17,M20
Polyommatus_thersites	SUPER_2	fusion	M18,M30
Polyommatus_thersites	SUPER_3	fusion	M11,M23
Polyommatus_thersites	SUPER_6	fusion	M14,M26
Polyommatus_thersites	SUPER_Z	ancestral	MZ
Polyommatus_thersites	SUPER_11	split	M3
Polyommatus_thersites	SUPER_17	ancestral	M10
Polyommatus_thersites	SUPER_12	split	M9
Polyommatus_thersites	SUPER_20	ancestral	M13
Polyommatus_thersites	SUPER_21	ancestral	M22
Polyommatus_thersites	SUPER_8	ancestral	M8
Polyommatus_thersites	SUPER_15	ancestral	M16
Polyommatus_thersites	SUPER_13	ancestral	M6
Polyommatus_thersites	SUPER_18	ancestral	M15
Polyommatus_thersites	SUPER_14	ancestral	M4
Polyommatus_thersites	SUPER_10	ancestral	M7
Polyommatus_thersites	SUPER_16	ancestral	M21
Polyommatus_thersites	SUPER_22	ancestral	M24
Polyommatus_thersites	SUPER_23	ancestral	M27
